{
  "model_stats": {
    "anthropic": {
      "n": 192,
      "mean_length": 26.145833333333332,
      "std_length": 5.947652139476738,
      "ttr": 0.24556507873231015,
      "top_flows": [
        [
          "outline",
          24
        ],
        [
          "query",
          11
        ],
        [
          "validate",
          9
        ],
        [
          "trend",
          9
        ],
        [
          "plot",
          8
        ]
      ]
    },
    "openai": {
      "n": 192,
      "mean_length": 23.614583333333332,
      "std_length": 6.521390750935638,
      "ttr": 0.2832523199292974,
      "top_flows": [
        [
          "outline",
          24
        ],
        [
          "describe",
          11
        ],
        [
          "summarize",
          9
        ],
        [
          "plot",
          9
        ],
        [
          "trend",
          8
        ]
      ]
    },
    "openrouter": {
      "n": 382,
      "mean_length": 15.785340314136125,
      "std_length": 5.102714067314832,
      "ttr": 0.2367590901544081,
      "top_flows": [
        [
          "outline",
          48
        ],
        [
          "query",
          23
        ],
        [
          "plot",
          22
        ],
        [
          "datatype",
          16
        ],
        [
          "trend",
          15
        ]
      ]
    }
  },
  "provider_lengths": {
    "anthropic": [
      38,
      28,
      21,
      23,
      11,
      26,
      31,
      23,
      27,
      25,
      28,
      29,
      16,
      19,
      25,
      27,
      23,
      23,
      23,
      29,
      35,
      19,
      37,
      36,
      21,
      26,
      24,
      24,
      16,
      28,
      28,
      27,
      21,
      19,
      28,
      30,
      25,
      21,
      27,
      25,
      28,
      22,
      29,
      25,
      36,
      37,
      30,
      30,
      24,
      29,
      33,
      29,
      26,
      25,
      27,
      28,
      30,
      42,
      31,
      26,
      28,
      29,
      29,
      25,
      32,
      32,
      24,
      27,
      26,
      23,
      37,
      20,
      29,
      34,
      29,
      36,
      23,
      24,
      29,
      28,
      26,
      26,
      23,
      27,
      17,
      19,
      29,
      28,
      31,
      36,
      33,
      31,
      27,
      30,
      23,
      22,
      28,
      27,
      17,
      25,
      25,
      23,
      38,
      24,
      27,
      23,
      17,
      24,
      26,
      22,
      24,
      22,
      21,
      22,
      15,
      25,
      24,
      21,
      18,
      27,
      14,
      19,
      26,
      18,
      26,
      27,
      17,
      26,
      28,
      20,
      21,
      20,
      14,
      17,
      27,
      37,
      23,
      21,
      22,
      18,
      11,
      20,
      24,
      14,
      17,
      29,
      21,
      28,
      26,
      41,
      26,
      33,
      25,
      31,
      30,
      33,
      38,
      28,
      31,
      26,
      27,
      32,
      16,
      23,
      24,
      30,
      30,
      38,
      26,
      24,
      33,
      31,
      23,
      33,
      17,
      35,
      28,
      30,
      26,
      32,
      26,
      34,
      20,
      33,
      33,
      38,
      12,
      21,
      23,
      24,
      32,
      37
    ],
    "openai": [
      24,
      29,
      28,
      31,
      23,
      22,
      27,
      24,
      26,
      22,
      27,
      24,
      28,
      19,
      24,
      16,
      28,
      34,
      28,
      24,
      28,
      30,
      21,
      18,
      17,
      27,
      21,
      22,
      25,
      22,
      27,
      22,
      15,
      12,
      23,
      16,
      28,
      24,
      21,
      27,
      31,
      26,
      35,
      34,
      28,
      28,
      22,
      18,
      27,
      34,
      38,
      31,
      29,
      29,
      27,
      20,
      18,
      21,
      35,
      31,
      22,
      17,
      17,
      28,
      28,
      20,
      21,
      28,
      26,
      20,
      29,
      28,
      33,
      29,
      55,
      27,
      28,
      27,
      24,
      21,
      17,
      20,
      26,
      15,
      39,
      23,
      23,
      23,
      18,
      21,
      33,
      24,
      24,
      21,
      21,
      22,
      17,
      22,
      18,
      22,
      24,
      19,
      16,
      16,
      17,
      17,
      22,
      19,
      16,
      15,
      14,
      25,
      25,
      23,
      14,
      19,
      10,
      21,
      19,
      8,
      16,
      14,
      14,
      24,
      18,
      24,
      24,
      27,
      31,
      22,
      15,
      18,
      22,
      33,
      14,
      15,
      19,
      16,
      20,
      12,
      20,
      13,
      22,
      19,
      24,
      31,
      21,
      29,
      18,
      20,
      21,
      24,
      19,
      29,
      16,
      32,
      23,
      42,
      29,
      36,
      19,
      20,
      16,
      23,
      21,
      26,
      13,
      33,
      32,
      30,
      28,
      38,
      20,
      30,
      14,
      29,
      20,
      25,
      26,
      29,
      30,
      25,
      33,
      37,
      17,
      25,
      20,
      23,
      22,
      28,
      19,
      25
    ],