{
  "model_stats": {
    "anthropic": {
      "n": 308,
      "mean_length": 19.655844155844157,
      "std_length": 5.001142557936487,
      "ttr": 0.23364177131526767,
      "top_flows": [
        [
          "outline",
          25
        ],
        [
          "blueprint",
          19
        ],
        [
          "describe",
          13
        ],
        [
          "segment",
          11
        ],
        [
          "plot",
          10
        ]
      ]
    },
    "openai": {
      "n": 304,
      "mean_length": 14.43421052631579,
      "std_length": 3.0222226324162813,
      "ttr": 0.2718978102189781,
      "top_flows": [
        [
          "outline",
          21
        ],
        [
          "blueprint",
          19
        ],
        [
          "find",
          12
        ],
        [
          "plot",
          11
        ],
        [
          "describe",
          11
        ]
      ]
    },
    "openrouter": {
      "n": 604,
      "mean_length": 12.236754966887418,
      "std_length": 4.101595562522202,
      "ttr": 0.2367601246105919,
      "top_flows": [
        [
          "outline",
          50
        ],
        [
          "blueprint",
          38
        ],
        [
          "describe",
          26
        ],
        [
          "plot",
          26
        ],
        [
          "chat",
          16
        ]
      ]
    }
  },
  "provider_lengths": {
    "anthropic": [
      16,
      18,
      22,
      18,
      17,
      22,
      18,
      18,
      22,
      19,
      21,
      20,
      28,
      26,
      20,
      24,
      19,
      22,
      34,
      28,
      19,
      23,
      17,
      17,
      19,
      21,
      24,
      25,
      20,
      29,
      26,
      12,
      18,
      18,
      23,
      26,
      19,
      21,
      20,
      17,
      17,
      25,
      24,
      13,
      13,
      17,
      28,
      21,
      18,
      21,
      18,
      17,
      20,
      17,
      18,
      17,
      20,
      22,
      19,
      19,
      20,
      31,
      22,
      29,
      23,
      24,
      12,
      17,
      19,
      10,
      20,
      20,
      20,
      21,
      17,
      19,
      24,
      22,
      23,
      19,
      17,
      16,
      13,
      22,
      17,
      19,
      15,
      6,
      15,
      9,
      15,
      6,
      23,
      22,
      15,
      11,
      17,
      16,
      15,
      16,
      17,
      19,
      19,
      16,
      12,
      13,
      16,
      15,
      17,
      19,
      21,
      21,
      19,
      18,
      16,
      7,
      18,
      24,
      17,
      29,
      15,
      26,
      21,
      25,
      18,
      28,
      21,
      26,
      16,
      27,
      23,
      21,
      21,
      30,
      18,
      23,
      24,
      29,
      22,
      26,
      18,
      27,
      11,
      27,
      15,
      25,
      23,
      26,
      10,
      26,
      14,
      27,
      20,
      36,
      21,
      19,
      24,
      30,
      14,
      13,
      16,
      18,
      18,
      8,
      21,
      23,
      20,
      27,
      20,
      17,
      26,
      22,
      15,
      19,
      22,
      20,
      15,
      25,
      15,
      24,
      13,
      14,
      24,
      23,
      23,
      15,
      21,
      20,
      30,
      22,
      20,
      14,
      18,
      15,
      22,
      14,
      15,
      17,
      20,
      20,
      26,
      25,
      19,
      19,
      23,
      23,
      18,
      23,
      19,
      20,
      19,
      10,
      17,
      17,
      18,
      11,
      15,
      23,
      28,
      27,
      15,
      25,
      17,
      25,
      15,
      19,
      17,
      9,
      29,
      27,
      25,
      19,
      20,
      13,
      23,
      15,
      13,
      10,
      22,
      20,
      14,
      12,
      14,
      17,
      27,
      22,
      22,
      19,
      21,
      18,
      16,
      16,
      19,
      8,
      15,
      18,
      15,
      26,
      19,
      18,
      17,
      12,
      15,
      18,
      17,
      12,
      17,
      17,
      21,
      15,
      17,
      29,
      19,
      28,
      16,
      25,
      16,
      22,
      20,
      23,
      17,
      22,
      13,
      24,
      16,
      19,
      20,
      31,
      19,
      22,
      23,
      24,
      21,
      22,
      17,
      24,
      15,
      30,
      16,
      24,
      18,
      23,
      10,
      23,
      18,
      25,
      23,
      28
    ],
    "openai": [
      12,
      11,
      13,
      13,
      13,
      16,
      14,
      16,
      13,
      15,
      14,
      16,
      12,
      15,
      14,
      13,
      13,
      12,
      9,
      14,
      14,
      12,
      25,
      18,
      15,
      15,
      15,
      12,
      14,
      14,
      13,
      11,
      14,
      13,
      11,
      13,
      13,
      12,
      15,
      13,
      15,
      12,
      15,
      19,
      16,
      15,
      16,
      14,
      13,
      14,
      11,
      16,
      12,
      14,
      13,
      15,
      13,
      16,
      14,
      16,
      15,
      17,
      13,
      14,
      12,
      16,
      11,
      18,
      12,
      10,
      17,
      13,
      15,
      13,
      11,
      15,
      13,
      12,
      12,
      15,
      12,
      13,
      13,
      11,
      13,
      9,
      11,
      12,
      12,
      13,
      13,
      10,
      16,
      13,
      11,
      11,
      13,
      13,
      15,
      16,
      14,
      8,
      15,
      12,
      11,
      14,
      15,
      15,
      15,
      15,
      16,
      13,
      13,
      11,
      11,
      16,
      12,
      18,
      17,
      20,
      12,
      19,
      11,
      17,
      11,
      22,
      14,
      20,
      14,
      18,
      13,
      17,
      12,
      21,
      14,
      23,
      15,
      18,
      12,
      17,
      10,
      24,
      11,
      18,
      12,
      21,
      14,
      23,
      14,
      19,
      11,
      21,
      13,
      14,
      14,
      13,
      14,
      22,
      15,
      12,
      14,
      13,
      14,
      10,
      17,
      14,
      15,
      13,
      13,
      18,
      15,
      15,
      15,
      17,
      14,
      14,
      12,
      18,
      14,
      16,
      12,
      14,
      16,
      15,
      15,
      16,
      12,
      13,
      14,
      11,
      12,
      14,
      13,
      9,
      16,
      17,
      14,
      15,
      12,
      11,
      14,
      15,
      14,
      16,
      14,
      12,
      15,
      14,
      15,
      15,
      14,
      14,
      14,
      15,
      14,
      16,
      15,
      17,
      13,
      10,
      18,
      14,
      17,
      15,
      13,
      13,
      16,
      14,
      15,
      16,
      13,
      14,
      15,
      13,
      15,
      13,
      15,
      11,
      15,
      16,
      12,
      13,
      12,
      12,
      14,
      13,
      16,
      7,
      12,
      12,
      11,
      12,
      17,
      14,
      11,
      13,
      12,
      13,
      12,
      14,
      12,
      12,
      16,
      14,
      11,
      17,
      14,
      17,
      12,
      23,
      14,
      25,
      15,
      23,
      12,
      20,
      14,
      22,
      13,
      16,
      14,
      20,
      13,
      19,
      13,
      19,
      11,
      17,
      12,
      20,
      14,
      18,
      10,
      19,
      10,
      17,
      15,
      25,
      15,
      21,
      14,
      26,
      14,
      20
    ],