{
  "model_stats": {
    "openai": {
      "n": 22,
      "mean_length": 8.0,
      "std_length": 3.4641016151377544,
      "ttr": 0.7542857142857143,
      "top_flows": [
        [
          "lookup",
          3
        ],
        [
          "replace",
          2
        ],
        [
          "simplify",
          2
        ],
        [
          "suggest",
          2
        ],
        [
          "plot",
          1
        ]
      ]
    },
    "openrouter": {
      "n": 38,
      "mean_length": 6.394736842105263,
      "std_length": 2.020154679906448,
      "ttr": 0.7530864197530864,
      "top_flows": [
        [
          "validate",
          4
        ],
        [
          "outline",
          3
        ],
        [
          "pivot",
          2
        ],
        [
          "datatype",
          2
        ],
        [
          "plot",
          2
        ]
      ]
    },
    "anthropic": {
      "n": 22,
      "mean_length": 9.954545454545455,
      "std_length": 4.2477509849039015,
      "ttr": 0.7464788732394366,
      "top_flows": [
        [
          "exist",
          3
        ],
        [
          "datatype",
          2
        ],
        [
          "rework",
          2
        ],
        [
          "outline",
          2
        ],
        [
          "define",
          1
        ]
      ]
    }
  },
  "provider_lengths": {
    "openai": [
      9,
      1,
      11,
      4,
      10,
      6,
      10,
      6,
      8,
      7,
      11,
      6,
      13,
      4,
      12,
      5,
      14,
      6,
      14,
      4,
      8,
      7
    ],
    "openrouter": [
      10,
      6,
      8,
      4,
      9,
      5,
      9,
      3,
      8,
      5,
      8,
      5,
      8,
      4,
      7,
      6,
      8,
      6,
      7,
      6,
      6,
      3,
      7,
      7,
      8,
      8,
      9,
      2,
      6,
      3,
      9,
      6,
      9,
      4,
      7,
      5,
      8,
      4
    ],
    "anthropic": [
      13,
      5,
      12,
      5,
      15,
      7,
      9,
      6,
      17,
      6,
      14,
      4,
      18,
      5,
      15,
      6,
      10,
      7,
      13,
      9,
      14,
      9
    ]
  }
}