{
  "model_stats": {
    "anthropic": {
      "n": 96,
      "mean_length": 20.34375,
      "std_length": 4.220061524531761,
      "ttr": 0.35125448028673834,
      "top_flows": [
        [
          "compare",
          7
        ],
        [
          "outline",
          7
        ],
        [
          "describe",
          4
        ],
        [
          "polish",
          4
        ],
        [
          "blueprint",
          4
        ]
      ]
    },
    "openai": {
      "n": 88,
      "mean_length": 14.238636363636363,
      "std_length": 2.3931451261971812,
      "ttr": 0.4289137380191693,
      "top_flows": [
        [
          "outline",
          8
        ],
        [
          "format",
          7
        ],
        [
          "dashboard",
          5
        ],
        [
          "reject",
          4
        ],
        [
          "describe",
          4
        ]
      ]
    },
    "openrouter": {
      "n": 170,
      "mean_length": 11.658823529411764,
      "std_length": 3.940895512373598,
      "ttr": 0.37436932391523714,
      "top_flows": [
        [
          "outline",
          17
        ],
        [
          "chat",
          8
        ],
        [
          "blueprint",
          8
        ],
        [
          "replace",
          6
        ],
        [
          "pivot",
          5
        ]
      ]
    }
  },
  "provider_lengths": {
    "anthropic": [
      23,
      25,
      15,
      14,
      19,
      26,
      25,
      24,
      15,
      15,
      16,
      22,
      22,
      21,
      20,
      20,
      22,
      18,
      18,
      17,
      14,
      20,
      18,
      19,
      24,
      27,
      23,
      20,
      20,
      18,
      21,
      15,
      14,
      14,
      19,
      11,
      18,
      21,
      23,
      16,
      22,
      15,
      21,
      17,
      17,
      19,
      25,
      26,
      19,
      26,
      19,
      21,
      21,
      21,
      18,
      27,
      18,
      28,
      19,
      28,
      20,
      23,
      23,
      21,
      25,
      18,
      25,
      13,
      27,
      15,
      26,
      27,
      14,
      28,
      20,
      15,
      19,
      20,
      19,
      19,
      20,
      21,
      22,
      20,
      22,
      20,
      28,
      16,
      15,
      31,
      14,
      27,
      17,
      24,
      16,
      24
    ],
    "openai": [
      13,
      15,
      14,
      14,
      12,
      16,
      12,
      14,
      12,
      10,
      13,
      13,
      15,
      11,
      14,
      18,
      13,
      12,
      13,
      13,
      13,
      15,
      13,
      12,
      14,
      15,
      14,
      14,
      13,
      9,
      11,
      13,
      14,
      12,
      15,
      12,
      14,
      15,
      15,
      13,
      14,
      13,
      12,
      15,
      14,
      16,
      13,
      21,
      12,
      23,
      14,
      19,
      11,
      15,
      14,
      20,
      14,
      13,
      14,
      17,
      16,
      17,
      16,
      15,
      13,
      13,
      15,
      12,
      15,
      15,
      13,
      17,
      14,
      13,
      13,
      14,
      13,
      12,
      11,
      16,
      15,
      17,
      17,
      21,
      14,
      18,
      13,
      18
    ],
    "openrouter": [
      12,
      13,
      11,
      15,
      11,
      11,
      19,
      20,
      14,
      11,
      16,
      10,
      14,
      8,
      16,
      7,
      12,
      9,
      16,
      9,
      8,
      8,
      16,
      16,
      14,
      12,
      15,
      17,
      10,
      8,
      13,
      19,
      11,
      8,
      11,
      18,
      11,
      8,
      16,
      14,
      13,
      13,
      17,
      14,
      12,
      9,
      12,
      13,
      10,
      10,
      15,
      15,
      10,
      10,
      8,
      5,
      9,
      6,
      12,
      18,
      10,
      9,
      5,
      9,
      3,
      5,
      8,
      18,
      12,
      4,
      5,
      5,
      8,
      4,
      9,
      7,
      6,
      9,
      8,
      9,
      15,
      12,
      11,
      19,
      8,
      17,
      16,
      15,
      4,
      19,
      10,
      14,
      12,
      15,
      10,
      16,
      20,
      18,
      11,
      18,
      19,
      22,
      12,
      17,
      12,
      14,
      11,
      13,
      15,
      15,
      9,
      8,
      14,
      10,
      11,
      9,
      15,
      8,
      9,
      7,
      11,
      12,
      13,
      15,
      9,
      11,
      14,
      15,
      17,
      14,
      12,
      12,
      14,
      11,
      11,
      5,
      15,
      14,
      9,
      7,
      6,
      7,
      12,
      7,
      10,
      8,
      10,
      7,
      13,
      7,
      9,
      10,
      8,
      3,
      7,
      12,
      12,
      19,
      10,
      14,
      9,
      13,
      12,
      18,
      15,
      14,
      8,
      11,
      12,
      17
    ]
  }
}