{
  "model_stats": {
    "anthropic": {
      "n": 40,
      "mean_length": 9.025,
      "std_length": 3.1263996865404144,
      "ttr": 0.6581196581196581,
      "top_flows": [
        [
          "survey",
          4
        ],
        [
          "check",
          3
        ],
        [
          "update",
          2
        ],
        [
          "plot",
          2
        ],
        [
          "describe",
          2
        ]
      ]
    },
    "openai": {
      "n": 42,
      "mean_length": 7.904761904761905,
      "std_length": 3.4003467877032763,
      "ttr": 0.6200607902735562,
      "top_flows": [
        [
          "insert",
          3
        ],
        [
          "segment",
          2
        ],
        [
          "join",
          2
        ],
        [
          "replace",
          2
        ],
        [
          "undo",
          2
        ]
      ]
    },
    "openrouter": {
      "n": 84,
      "mean_length": 6.642857142857143,
      "std_length": 2.6976306056155543,
      "ttr": 0.5967741935483871,
      "top_flows": [
        [
          "preference",
          5
        ],
        [
          "exist",
          5
        ],
        [
          "rework",
          5
        ],
        [
          "describe",
          4
        ],
        [
          "compare",
          4
        ]
      ]
    }
  },
  "provider_lengths": {
    "anthropic": [
      9,
      6,
      11,
      6,
      13,
      4,
      8,
      6,
      10,
      8,
      12,
      6,
      13,
      9,
      11,
      7,
      15,
      5,
      10,
      7,
      16,
      6,
      8,
      5,
      9,
      6,
      10,
      6,
      8,
      5,
      12,
      8,
      16,
      7,
      13,
      9,
      10,
      9,
      14,
      8
    ],
    "openai": [
      10,
      4,
      11,
      4,
      11,
      5,
      10,
      8,
      13,
      5,
      9,
      5,
      8,
      2,
      13,
      8,
      11,
      4,
      7,
      8,
      9,
      8,
      10,
      2,
      12,
      5,
      11,
      5,
      14,
      3,
      11,
      4,
      13,
      5,
      8,
      6,
      13,
      6,
      13,
      5,
      9,
      4
    ],
    "openrouter": [
      12,
      5,
      9,
      3,
      9,
      4,
      7,
      4,
      11,
      4,
      8,
      3,
      11,
      6,
      7,
      4,
      9,
      5,
      9,
      5,
      8,
      8,
      12,
      5,
      14,
      6,
      7,
      5,
      9,
      3,
      3,
      4,
      6,
      2,
      6,
      2,
      5,
      4,
      8,
      6,
      10,
      9,
      7,
      7,
      9,
      8,
      11,
      5,
      11,
      4,
      10,
      6,
      11,
      4,
      10,
      5,
      11,
      5,
      8,
      5,
      10,
      5,
      8,
      6,
      8,
      6,
      9,
      5,
      6,
      3,
      6,
      5,
      4,
      5,
      7,
      2,
      9,
      4,
      6,
      2,
      8,
      6,
      9,
      5
    ]
  }
}